fiName,laName,accName,persEmailAddress,mobilePhone
Admin,Adminov,admin,admin@geekbr.com,+75554443322
Ivan,Ivanov,ivanov,ivanov@geekbr.com,+75554443323
Root,Rootin,root,rootik@geekbr.com,+75554443324
Test,Testko,test,testik@geekbr.com,+75554443325
Some,Body,sombody,somebody@geekbr.com,+75554443326
Guest,Guesto,guest,guest@geekbr.com,+75554443327
Petr,Petrov,petrov,petrov@geekbr.com,+75554443328
Sidr,Didorov,sidorov,sidorov@geekbr.com,+75554443330
Ktoh,Khototo,ktoto,ktoto@geekbr.com,+75554443333
Kirk,Gudov,kirgud,kirgudov@geekbr.com,+75554443335
